id,remarks,preStartTimeStr,startTimeStr,endTimeStr,finishTimeStr,copyId,weekDay,killAttackAward,killAttackAwardId
1001,,0.47916666666666669,0.48958333333333331,0.51041666666666663,0.52083333333333337,161012,2,"2_300,708001_5",11001
1002,,0.72916666666666663,0.73958333333333337,0.76041666666666663,0.77083333333333337,162012,2,"2_320,708001_8",11002
1003,,0.85416666666666663,0.86458333333333337,0.88541666666666663,0.89583333333333337,163012,2,"2_350,708001_12",11003
1004,,0.47916666666666669,0.48958333333333331,0.51041666666666663,0.52083333333333337,164012,4,"2_300,708001_5",11001
1005,,0.72916666666666663,0.73958333333333337,0.76041666666666663,0.77083333333333337,165012,4,"2_320,708001_8",11002
1006,,0.85416666666666663,0.86458333333333337,0.88541666666666663,0.89583333333333337,166012,4,"2_350,708001_12",11003
1007,,0.47916666666666669,0.48958333333333331,0.51041666666666663,0.52083333333333337,161012,6,"2_300,708001_5",11001
1008,,0.72916666666666663,0.73958333333333337,0.76041666666666663,0.77083333333333337,165012,6,"2_320,708001_8",11002
1009,,0.85416666666666663,0.86458333333333337,0.88541666666666663,0.89583333333333337,163012,6,"2_350,708001_12",11003