key,remarks,rewardType,rewardStr,round
1,,3,3~30,1
2,,1,3~30.803002~10,1~5
3,,1,3~30.803002~20,6~10
4,,1,3~30.803002~30,11~20
5,,1,3~30.803002~40,21~50
6,,1,3~30.803002~50,51~100
7,,1,3~30.803002~60,101~200
8,,1,3~30.803002~70,201~1000
9,,1,3~30.803002~80,1001~5000
10,,1,3~30.803002~90,5001~999999