{
    "1": {
        "attr": 130, 
        "weight": 0.42748091603053434
    }, 
    "2": {
        "attr": 140, 
        "weight": 0.18484898498101998
    }, 
    "3": {
        "attr": 150, 
        "weight": 0.18484898498101998
    }, 
    "4": {
        "attr": 111, 
        "weight": 0.008381978745696753
    }, 
    "5": {
        "attr": 160, 
        "weight": 0.8203125
    }, 
    "6": {
        "attr": 170, 
        "weight": 0.8203125
    }, 
    "7": {
        "attr": 180, 
        "weight": 0.8203125
    }, 
    "8": {
        "attr": 260, 
        "weight": 0.8203125
    }, 
    "9": {
        "attr": 190, 
        "weight": 0.8203125
    }, 
    "10": {
        "attr": 200, 
        "weight": 0.16763957491393502
    }, 
    "11": {
        "attr": 210, 
        "weight": 0.09990439506193981
    }, 
    "12": {
        "attr": 290, 
        "weight": 0.4274809160305343
    }, 
    "13": {
        "attr": 300, 
        "weight": 0.4274809160305343
    }, 
    "14": {
        "attr": 461, 
        "weight": 5.0
    }, 
    "15": {
        "attr": 463, 
        "weight": 5.0
    }
}