key,Remarks,id,level,max,factor,fk1,fk2,fk3,fk4,fk5,fk6,fk7,fk8,fk9,fk10,fk11,fk12
1,,1,1|29,151000,0|75500|0.4342|75501|52850|0.1519|52851|22650|0.0434,75500,52850,22650,173880,347760,521640,0.43419999999999997,0.15190000000000001,4.3400000000000001E-2,1932,150,289800
2,,2,30|37,325000,0|162500|0.666|162501|113750|0.2331|113751|48750|0.0666,162500,113750,48750,243990,487980,731970,0.66600000000000004,0.2331,6.6600000000000006E-2,2711,150,406650
3,,3,38|49,413000,0|206500|0.5367|206501|144550|0.1878|144551|61950|0.0536,206500,144550,61950,384750,769500,1154250,0.53669999999999995,0.18779999999999999,5.3600000000000002E-2,4275,150,641250
4,,4,50|59,880200,0|440100|0.756|440101|308070|0.2646|308071|132030|0.0756,440100,308070,132030,582120,1164240,1746360,0.75600000000000001,0.2646,7.5600000000000001E-2,6468,150,970200
5,,5,60|69,1103300,0|551650|0.7086|551651|386155|0.248|386156|165495|0.0708,551650,386155,165495,778410,1556820,2335230,0.70860000000000001,0.248,7.0800000000000002E-2,8649,150,1297350