key,Remarks,id,level,max,factor,fk1,fk2,fk3,fk4,fk5,fk6,fk7,fk8,fk9,fk10,fk11,fk12
1,,1,1|29,151000,0|75500|0.2605|75501|52850|0.0607|52851|22650|0.0156,75500,52850,22650,289800,869400,1449000,0.26050000000000001,6.0699999999999997E-2,1.5599999999999999E-2,1932,150,289800
2,,2,30|37,325000,0|162500|0.3996|162501|113750|0.0932|113751|48750|0.0239,162500,113750,48750,406650,1219950,2033250,0.39960000000000001,9.3200000000000005E-2,2.3900000000000001E-2,2711,150,406650
3,,3,38|49,413000,0|206500|0.322|206501|144550|0.0751|144551|61950|0.0193,206500,144550,61950,641250,1923750,3206250,0.32200000000000001,7.51E-2,1.9300000000000001E-2,4275,150,641250
4,,4,50|59,880200,0|440100|0.4536|440101|308070|0.1058|308071|132030|0.0272,440100,308070,132030,970200,2910600,4851000,0.4536,0.10580000000000001,2.7199999999999998E-2,6468,150,970200
5,,5,60|69,1103300,0|551650|0.4252|551651|386155|0.0992|386156|165495|0.0255,551650,386155,165495,1297350,3892050,6486750,0.42520000000000002,9.9199999999999997E-2,2.5499999999999998E-2,8649,150,1297350