key,Remarks,id,level,max,factor
1,,1,1|30,120000,0|120000|0.2
2,,2,31|42,180000,0|180000|0.257142857142857
3,,3,43|49,270000,0|270000|0.225
4,,4,50|59,405000,0|405000|0.213157894736842
5,,5,60|69,607500,0|607500|0.213157894736842