key,Remarks,id,level,max,factor,fk100,fk101,fk102,fk1,fk2,fk3,fk4,fk5,fk6,fk7,fk8,fk9,fk10,fk11,fk12
1,,1,1|29,226500,0|113250|0.6513|113251|192525|0.2279|192526|226500|0.0651,113250,192525,226500,113250,79275,33975,173880,347760,521640,0.65129999999999999,0.22789999999999999,6.5100000000000005E-2,1932,150,289800
2,,2,30|37,487500,0|243750|0.999|243751|414375|0.3496|414376|487500|0.0999,243750,414375,487500,243750,170625,73125,243990,487980,731970,0.999,0.34960000000000002,9.9900000000000003E-2,2711,150,406650
3,,3,38|49,619500,0|309750|0.805|309751|526575|0.2817|526576|619500|0.0805,309750,526575,619500,309750,216825,92925,384750,769500,1154250,0.80500000000000005,0.28170000000000001,8.0500000000000002E-2,4275,150,641250
4,,4,50|59,1320300,0|660150|1.134|660151|1122255|0.3969|1122256|1320300|0.1134,660150,1122255,1320300,660150,462104.99999999994,198045,582120,1164240,1746360,1.1339999999999999,0.39689999999999998,0.1134,6468,150,970200
5,,5,60|69,1654950,0|827475|1.063|827476|1406707.5|0.372|1406708.5|1654950|0.1063,827475,1406707.5,1654950,827475,579232.5,248242.5,778410,1556820,2335230,1.0629999999999999,0.372,0.10630000000000001,8649,150,1297350