key,Remarks,id,level,max,factor
1,,1,1|30,50000,0|50000|0.131578947368421
2,,2,31|42,60000,0|60000|0.111111111111111
3,,3,43|49,70000,0|70000|0.0636363636363636
4,,4,50|59,80000,0|80000|0.0484848484848485
5,,5,60|69,89999,0|90000|0.0449999999999999