key,Remarks,id,level,max,factor,fk1,fk2,fk3,fk4,fk5,fk6,fk7,fk8,fk9,fk10,fk11,fk12
1,,1,1|29,151000,0|75500|0.3721|75501|52850|0.1302|52851|22650|0.0312,75500,52850,22650,202860,405720,724500,0.37209999999999999,0.13020000000000001,3.1199999999999999E-2,1932,150,289800
2,,2,30|37,325000,0|162500|0.5708|162501|113750|0.1998|113751|48750|0.0479,162500,113750,48750,284655,569310,1016625,0.57079999999999997,0.19980000000000001,4.7899999999999998E-2,2711,150,406650
3,,3,38|49,413000,0|206500|0.46|206501|144550|0.161|144551|61950|0.0386,206500,144550,61950,448875,897750,1603125,0.46,0.161,3.8600000000000002E-2,4275,150,641250
4,,4,50|59,880200,0|440100|0.648|440101|308070|0.2268|308071|132030|0.0544,440100,308070,132030,679140,1358280,2425500,0.64800000000000002,0.2268,5.4399999999999997E-2,6468,150,970200
5,,5,60|69,1103300,0|551650|0.6074|551651|386155|0.2126|386156|165495|0.051,551650,386155,165495,908145,1816290,3243375,0.60740000000000005,0.21260000000000001,5.0999999999999997E-2,8649,150,1297350