key,Remarks,id,level,max,factor,fk100,fk101,fk102,fk1,fk2,fk3,fk4,fk5,fk6,fk7,fk8,fk9,fk10,fk11,fk12
1,,1,1|29,50000,0|25000|0.1437|25001|42500|0.0503|42501|50000|0.0143,25000,42500,50000,25000,17500,7500,173880,347760,521640,0.14369999999999999,5.0299999999999997E-2,1.43E-2,1932,150,289800
2,,2,30|37,100000,0|50000|0.2049|50001|85000|0.0717|85001|100000|0.0204,50000,85000,100000,50000,35000,15000,243990,487980,731970,0.2049,7.17E-2,2.0400000000000001E-2,2711,150,406650
3,,3,38|49,150000,0|75000|0.1949|75001|127500|0.0682|127501|150000|0.0194,75000,127500,150000,75000,52500,22500,384750,769500,1154250,0.19489999999999999,6.8199999999999997E-2,1.9400000000000001E-2,4275,150,641250
4,,4,50|59,200000,0|100000|0.1717|100001|170000|0.0601|170001|200000|0.0171,100000,170000,200000,100000,70000,30000,582120,1164240,1746360,0.17169999999999999,6.0100000000000001E-2,1.7100000000000001E-2,6468,150,970200
5,,5,60|69,250000,0|125000|0.1605|125001|212500|0.0562|212501|250000|0.016,125000,212500,250000,125000,87500,37500,778410,1556820,2335230,0.1605,5.62E-2,1.6E-2,8649,150,1297350