key,Remarks,id,level,max,factor,fk100,fk101,fk102,fk1,fk2,fk3,fk4,fk5,fk6,fk7,fk8,fk9,fk10,fk11,fk12
1,,1,1|29,25000,0|12500|0.0718|12501|21250|0.0251|21251|25000|0.0071,12500,21250,25000,12500,8750,3750,173880,347760,521640,7.1800000000000003E-2,2.5100000000000001E-2,7.1000000000000004E-3,1932,150,289800
2,,2,30|37,50000,0|25000|0.1024|25001|42500|0.0358|42501|50000|0.0102,25000,42500,50000,25000,17500,7500,243990,487980,731970,0.1024,3.5799999999999998E-2,1.0200000000000001E-2,2711,150,406650
3,,3,38|49,75000,0|37500|0.0974|37501|63750|0.0341|63751|75000|0.0097,37500,63750,75000,37500,26250,11250,384750,769500,1154250,9.74E-2,3.4099999999999998E-2,9.7000000000000003E-3,4275,150,641250
4,,4,50|59,100000,0|50000|0.0858|50001|85000|0.03|85001|100000|0.0085,50000,85000,100000,50000,35000,15000,582120,1164240,1746360,8.5800000000000001E-2,0.03,8.5000000000000006E-3,6468,150,970200
5,,5,60|69,125000,0|62500|0.0802|62501|106250|0.0281|106251|125000|0.008,62500,106250,125000,62500,43750,18750,778410,1556820,2335230,8.0199999999999994E-2,2.81E-2,8.0000000000000002E-3,8649,150,1297350