key,Remarks,id,level,max,factor,fk100,fk101,fk102,fk1,fk2,fk3,fk4,fk5,fk6,fk7,fk8,fk9,fk10,fk11,fk12
1,,1,1|29,50000,0|25000|0.0739|25001|42500|0.0258|42501|50000|0.0073,25000,42500,50000,25000,17500,7500,337950,675900,1013850,7.3899999999999993E-2,2.58E-2,7.3000000000000001E-3,3755,150,563250
2,,2,30|37,100000,0|50000|0.0586|50001|85000|0.0205|85001|100000|0.0058,50000,85000,100000,50000,35000,15000,852210,1704420,2556630,5.8599999999999999E-2,2.0500000000000001E-2,5.7999999999999996E-3,9469,150,1420350
3,,3,38|49,150000,0|75000|0.039|75001|127500|0.0136|127501|150000|0.0039,75000,127500,150000,75000,52500,22500,1918800,3837600,5756400,3.9E-2,1.3599999999999999E-2,3.8999999999999998E-3,21320,150,3198000
4,,4,50|59,200000,0|100000|0.0292|100001|170000|0.0102|170001|200000|0.0029,100000,170000,200000,100000,70000,30000,3418830,6837660,10256490,2.92E-2,1.0200000000000001E-2,2.8999999999999998E-3,37987,150,5698050
5,,5,60|69,250000,0|125000|0.0256|125001|212500|0.0089|212501|250000|0.0025,125000,212500,250000,125000,87500,37500,4875390,9750780,14626170,2.5600000000000001E-2,8.8999999999999999E-3,2.5000000000000001E-3,54171,150,8125650